lemma,manual_lemma,unique_candidates,pos,lemma_freq,base_freq,true_lemma,true_base
Applikant,,applizieren,VVINF,3,73,1,1.0
Fabrikant,,fabrizieren,VVINF,567,234,1,1.0
Garant,,garantieren,VVINF,2737,3953,1,1.0
Lieferant,,liefern,VVINF,8067,10555,1,1.0
Musikant,,musizieren,VVINF,1384,492,1,1.0
Praktikant,,praktizieren,VVINF,2842,1314,1,1.0
Qualifikant,,qualifizieren,VVINF,95,2801,1,1.0
Rekombinant,,rekombinieren,VVINF,9,0,0,
Mitkonfirmant,,mitkonfirmieren,VVINF,0,0,0,
Applikant,,applikieren,VVINF,3,0,0,
Fabrikant,,fabrikieren,VVINF,567,0,0,
Garant,,garieren,VVINF,2737,0,0,
Lieferant,,lieferieren,VVINF,7717,0,0,
Musikant,,musikieren,VVINF,918,0,0,
mutant,Mutant,mutieren,VVINF,315,455,1,1.0
Praktikant,,praktikieren,VVINF,2837,0,0,
Qualifikant,,qualifikieren,VVINF,95,0,0,
Adjutant,,adjutieren,VVINF,420,0,0,
Adoptant,,adoptieren,VVINF,11,598,1,1.0
Appellant,,appellieren,VVINF,14,398,1,1.0
Approximant,,approximieren,VVINF,5,0,0,
Arrestant,,arrestieren,VVINF,27,0,0,
Aspirant,,aspirieren,VVINF,238,0,0,
Assimilant,,assimilieren,VVINF,4,165,1,1.0
Asylant,,asylieren,VVINF,60,0,0,
Attendant,,attendieren,VVINF,22,0,0,
Bummelant,,bummelieren,VVINF,7,0,0,
Chemikant,,chemikieren,VVINF,58,0,0,
Consultant,,consultieren,VVINF,1405,0,0,
Delegant,,delegieren,VVINF,0,425,1,1.0
Demonstrant,,demonstrieren,VVINF,4833,2763,1,1.0
Denunziant,,denunziieren,VVINF,207,0,0,
Deodorant,,deodorieren,VVINF,102,0,0,
Determinant,,determinieren,VVINF,0,26,1,1.0
Dilettant,,dilettieren,VVINF,246,0,0,
Diskutant,,diskutieren,VVINF,443,14699,1,1.0
Disputant,,disputieren,VVINF,14,28,1,1.0
Diversant,,diversieren,VVINF,1,0,0,
Duellant,,duellieren,VVINF,63,141,1,1.0
Emigrant,,emigrieren,VVINF,733,198,1,1.0
Exekutant,,exekutieren,VVINF,1,80,1,1.0
Exfoliant,,exfoliieren,VVINF,1,0,0,
Exilant,,exilieren,VVINF,28,0,0,
Exponant,,exponieren,VVINF,6,48,1,1.0
Exulant,,exulieren,VVINF,30,0,0,
Famulant,,famulieren,VVINF,46,0,0,
Figurant,,figurieren,VVINF,50,15,1,1.0
Flagellant,,flagellieren,VVINF,46,0,0,
Foliant,,foliieren,VVINF,111,0,0,
Geomant,,geomieren,VVINF,26,0,0,
Gratulant,,gratulieren,VVINF,547,1840,1,1.0
Habilitant,,habilitieren,VVINF,2,43,1,1.0
Hierophant,,hierophieren,VVINF,37,0,0,
Hospitant,,hospitieren,VVINF,52,89,1,1.0
Hydrant,,hydrieren,VVINF,322,0,0,
Illuminant,,illuminieren,VVINF,0,25,1,1.0
Immigrant,,immigrieren,VVINF,732,10,1,1.0
Implantant,,implantieren,VVINF,19,168,1,1.0
Informant,,informieren,VVINF,1167,24385,1,1.0
Initiant,,initiieren,VVINF,185,903,1,1.0
Intendant,,intendieren,VVINF,1422,31,1,1.0
Interpellant,,interpellieren,VVINF,6,0,0,
Interpretant,,interpretieren,VVINF,7,3225,1,1.0
Kombattant,,kombattieren,VVINF,146,0,0,
Kommandant,,kommandieren,VVINF,3182,105,1,1.0
Komödiant,,komödiieren,VVINF,264,0,0,
Konspirant,,konspirieren,VVINF,2,7,1,1.0
Kontaminant,,kontaminieren,VVINF,43,50,1,1.0
Konzertant,,konzertieren,VVINF,3,33,1,1.0
Kooperant,,kooperieren,VVINF,1,996,1,1.0
Kumulant,,kumulieren,VVINF,2,48,1,1.0
Laborant,,laborieren,VVINF,184,6,1,1.0
Leutnant,,leutnieren,VVINF,2308,0,0,
Mandant,,mandieren,VVINF,16986,0,0,
Manipulant,,manipulieren,VVINF,3,1757,1,1.0
Migrant,,migrieren,VVINF,4822,0,0,
Ministrant,,ministrieren,VVINF,563,0,0,
Montant,,montieren,VVINF,4,2565,1,1.0
Navigant,,navigieren,VVINF,3,787,1,1.0
Observant,,observieren,VVINF,4,58,1,1.0
Okkupant,,okkupieren,VVINF,53,27,1,1.0
Operant,,operieren,VVINF,15,1592,1,1.0
Partizipant,,partizipieren,VVINF,17,491,1,1.0
Passant,,passieren,VVINF,3222,24548,1,1.0
Pedant,,pedieren,VVINF,100,0,0,
Pendant,,pendieren,VVINF,1889,0,0,
Performant,,performieren,VVINF,10,0,0,
Prädikant,,prädikieren,VVINF,102,0,0,
Primiziant,,primiziieren,VVINF,30,0,0,
Probant,,probieren,VVINF,103,8799,1,1.0
Projektant,,projektieren,VVINF,11,66,1,1.0
Protestant,,protestieren,VVINF,1623,1364,1,1.0
Protokollant,,protokollieren,VVINF,43,334,1,1.0
Proviant,,proviieren,VVINF,755,0,0,
Quadrant,,quadrieren,VVINF,550,0,0,
Querulant,,querulieren,VVINF,374,3,1,1.0
Reflektant,,reflektieren,VVINF,8,1897,1,1.0
Registrant,,registrieren,VVINF,43,9818,1,1.0
Rehabilitant,,rehabilitieren,VVINF,11,241,1,1.0
Reklamant,,reklamieren,VVINF,6,564,1,1.0
Remonstrant,,remonstrieren,VVINF,1,0,0,
Rendant,,rendieren,VVINF,50,0,0,
Repräsentant,,repräsentieren,VVINF,2978,806,1,1.0
Resultant,,resultieren,VVINF,24,527,1,1.0
Revenant,,revenieren,VVINF,26,0,0,
Sekundant,,sekundieren,VVINF,68,11,1,1.0
Sergeant,,sergeieren,VVINF,687,0,0,
Simulant,,simulieren,VVINF,110,1329,1,1.0
Spekulant,,spekulieren,VVINF,997,1604,1,1.0
Stimulant,,stimulieren,VVINF,4,483,1,1.0
Sympathisant,,sympathisieren,VVINF,869,75,1,1.0
Trabant,,trabieren,VVINF,603,0,0,
Trafikant,,trafikieren,VVINF,14,0,0,
Transpirant,,transpirieren,VVINF,40,10,1,1.0
Vagant,,vagieren,VVINF,65,0,0,
Variant,,variieren,VVINF,594,1935,1,1.0
Virant,,virieren,VVINF,0,0,0,
Votant,,votieren,VVINF,34,100,1,1.0
Zelebrant,,zelebrieren,VVINF,125,426,1,1.0
Agant,,agieren,VVINF,0,3321,0,
Akzeptant,,akzeptieren,VVINF,8,10183,0,
Amarant,,amarieren,VVINF,51,0,0,
Asant,,asieren,VVINF,29,0,0,
Bioquant,,bioquieren,VVINF,10,0,0,
Bonvivant,,bonvivieren,VVINF,25,0,0,
Brigant,,brigieren,VVINF,15,0,0,
Brillant,,brillieren,VVINF,370,152,0,
Croissant,,croissieren,VVINF,392,0,0,
Demant,,demieren,VVINF,58,0,0,
Diamant,,diamieren,VVINF,3756,0,0,
Diskant,,diskieren,VVINF,87,0,0,
Elefant,,elefieren,VVINF,5637,0,0,
Elephant,,elephieren,VVINF,412,0,0,
Fant,,fieren,VVINF,41,0,0,
Formant,,formieren,VVINF,43,358,0,
Fotant,,fotieren,VVINF,0,0,0,
Geant,,geieren,VVINF,5,0,0,
Gigant,,gigieren,VVINF,1152,0,0,
Ignorant,,ignorieren,VVINF,378,4325,0,
Important,,importieren,VVINF,57,1755,0,
Infant,,infieren,VVINF,70,0,0,
Interessant,,interessieren,VVINF,1811,17554,0,
Intrigant,,intrigieren,VVINF,95,248,0,
Krokant,,krokieren,VVINF,104,0,0,
Lieutenant,,lieutenieren,VVINF,372,0,0,
Nichtsignifikant,,nichtsignifikieren,VVINF,0,0,0,
Quant,,quieren,VVINF,458,0,0,
Quantum,,quanieren,VVINF,1135,0,0,
Radiant,,radiieren,VVINF,104,0,0,
Restaurant,,restaurieren,VVINF,29820,709,0,
Rohdiamant,,rohdiamieren,VVINF,149,0,0,
Schnellrestaurant,,schnellrestaurieren,VVINF,158,0,0,
Sextant,,sextieren,VVINF,195,0,0,
signifikant,,signifikieren,VVINF,0,0,0,
Superdiamant,,superdiamieren,VVINF,0,0,0,
Supergigant,,supergigieren,VVINF,0,0,0,
Transparant,,transparieren,VVINF,4,0,0,
Urelefant,,urelefieren,VVINF,4,0,0,
Urgigant,,urgigieren,VVINF,5,0,0,
venant,,venieren,VVINF,0,0,0,
Vibrant,,vibrieren,VVINF,90,253,0,
Vierkant,,vierkieren,VVINF,106,0,0,
Volant,,volieren,VVINF,124,0,0,
Warrant,,warrieren,VVINF,77,0,0,
